{
    "loss": 20.022266387939453,
    "accuracy": 0.5686274766921997
}